{
  "initial_capital": 50.0,
  "final_capital": 1.2342410613415726e+17,
  "total_profit": -4.030697544677266e+16,
  "growth_percent": 2.4684821226831446e+17,
  "total_trades": 1031,
  "winning_trades": 578,
  "losing_trades": 453,
  "win_rate": 56.1,
  "profit_factor": 0.21,
  "gross_profit": 1.0792034310321148e+16,
  "gross_loss": 5.109900975709379e+16,
  "total_days": 90,
  "profitable_days": 75,
  "daily_win_rate": 83.3,
  "avg_weekly_return": 9494162010319786.0,
  "avg_trade_profit": -39095029531302.29,
  "best_day": 3.2806249586011544e+16,
  "worst_day": -4619509370147705.0,
  "monthly_returns": {
    "2025-12": 105289.31,
    "2026-01": 13759763389.98,
    "2026-02": 4252517832891794.5,
    "2026-03": 1.1917157454139675e+17
  },
  "winning_pips": 3467.999999996846
}